-- Progettazione Web 
DROP DATABASE if exists wolfenstein_3d; 
CREATE DATABASE wolfenstein_3d; 
USE wolfenstein_3d; 
-- MySQL dump 10.13  Distrib 5.6.20, for Win32 (x86)
--
-- Host: localhost    Database: wolfenstein_3d
-- ------------------------------------------------------
-- Server version	5.6.20

/*!40101 SET @OLD_CHARACTER_SET_CLIENT=@@CHARACTER_SET_CLIENT */;
/*!40101 SET @OLD_CHARACTER_SET_RESULTS=@@CHARACTER_SET_RESULTS */;
/*!40101 SET @OLD_COLLATION_CONNECTION=@@COLLATION_CONNECTION */;
/*!40101 SET NAMES utf8 */;
/*!40103 SET @OLD_TIME_ZONE=@@TIME_ZONE */;
/*!40103 SET TIME_ZONE='+00:00' */;
/*!40014 SET @OLD_UNIQUE_CHECKS=@@UNIQUE_CHECKS, UNIQUE_CHECKS=0 */;
/*!40014 SET @OLD_FOREIGN_KEY_CHECKS=@@FOREIGN_KEY_CHECKS, FOREIGN_KEY_CHECKS=0 */;
/*!40101 SET @OLD_SQL_MODE=@@SQL_MODE, SQL_MODE='NO_AUTO_VALUE_ON_ZERO' */;
/*!40111 SET @OLD_SQL_NOTES=@@SQL_NOTES, SQL_NOTES=0 */;

--
-- Table structure for table `map`
--

DROP TABLE IF EXISTS `map`;
/*!40101 SET @saved_cs_client     = @@character_set_client */;
/*!40101 SET character_set_client = utf8 */;
CREATE TABLE `map` (
  `mapId` int(11) NOT NULL AUTO_INCREMENT,
  `creatorId` int(11) NOT NULL,
  `title` varchar(128) CHARACTER SET utf8 COLLATE utf8_bin DEFAULT '0',
  `released` timestamp NOT NULL DEFAULT CURRENT_TIMESTAMP,
  PRIMARY KEY (`mapId`),
  KEY `fk_map_creatorId` (`creatorId`),
  CONSTRAINT `fk_map_creatorId` FOREIGN KEY (`creatorId`) REFERENCES `user` (`userId`) ON DELETE NO ACTION ON UPDATE NO ACTION
) ENGINE=InnoDB AUTO_INCREMENT=17 DEFAULT CHARSET=utf8;
/*!40101 SET character_set_client = @saved_cs_client */;

--
-- Dumping data for table `map`
--

LOCK TABLES `map` WRITE;
/*!40000 ALTER TABLE `map` DISABLE KEYS */;
INSERT INTO `map` VALUES (1,1,'non_playable 1','2020-01-14 10:35:13'),(2,3,'non_playable 2','2020-01-14 10:35:13'),(10,10,'02','2020-01-14 12:58:41'),(11,10,'01','2020-01-14 13:02:02'),(16,10,'03','2020-01-14 13:17:19');
/*!40000 ALTER TABLE `map` ENABLE KEYS */;
UNLOCK TABLES;

--
-- Table structure for table `player_spawn`
--

DROP TABLE IF EXISTS `player_spawn`;
/*!40101 SET @saved_cs_client     = @@character_set_client */;
/*!40101 SET character_set_client = utf8 */;
CREATE TABLE `player_spawn` (
  `mapId` int(11) NOT NULL,
  `x` int(11) NOT NULL,
  `y` int(11) NOT NULL,
  PRIMARY KEY (`mapId`,`x`,`y`),
  CONSTRAINT `fk_player_spawn_mapId` FOREIGN KEY (`mapId`) REFERENCES `map` (`mapId`) ON DELETE CASCADE ON UPDATE CASCADE
) ENGINE=InnoDB DEFAULT CHARSET=utf8;
/*!40101 SET character_set_client = @saved_cs_client */;

--
-- Dumping data for table `player_spawn`
--

LOCK TABLES `player_spawn` WRITE;
/*!40000 ALTER TABLE `player_spawn` DISABLE KEYS */;
INSERT INTO `player_spawn` VALUES (1,200,200),(2,200,200),(10,196,660),(11,442,609),(16,226,53);
/*!40000 ALTER TABLE `player_spawn` ENABLE KEYS */;
UNLOCK TABLES;

--
-- Table structure for table `sprite`
--

DROP TABLE IF EXISTS `sprite`;
/*!40101 SET @saved_cs_client     = @@character_set_client */;
/*!40101 SET character_set_client = utf8 */;
CREATE TABLE `sprite` (
  `mapId` int(11) NOT NULL,
  `x` int(11) NOT NULL,
  `y` int(11) NOT NULL,
  `type` varchar(128) CHARACTER SET utf8 COLLATE utf8_bin DEFAULT NULL,
  `texture` int(11) NOT NULL,
  PRIMARY KEY (`mapId`,`x`,`y`),
  CONSTRAINT `fk_sprite_mapId` FOREIGN KEY (`mapId`) REFERENCES `map` (`mapId`) ON DELETE CASCADE ON UPDATE CASCADE
) ENGINE=InnoDB DEFAULT CHARSET=utf8;
/*!40101 SET character_set_client = @saved_cs_client */;

--
-- Dumping data for table `sprite`
--

LOCK TABLES `sprite` WRITE;
/*!40000 ALTER TABLE `sprite` DISABLE KEYS */;
INSERT INTO `sprite` VALUES (1,150,150,'pickup',11),(1,150,250,'prop',21),(1,250,250,'enemy',0),(2,150,150,'prop',11),(2,150,250,'prop',21),(2,250,250,'enemy',0),(10,42,144,'pickup',3),(10,50,64,'prop',14),(10,51,309,'enemy',0),(10,55,226,'prop',14),(10,67,401,'enemy',0),(10,95,652,'prop',14),(10,101,352,'prop',14),(10,116,51,'enemy',0),(10,120,151,'pickup',6),(10,124,157,'pickup',6),(10,131,231,'pickup',3),(10,135,152,'pickup',6),(10,135,159,'pickup',8),(10,142,515,'prop',14),(10,145,150,'pickup',6),(10,167,322,'prop',9),(10,200,448,'enemy',0),(10,250,159,'pickup',6),(10,251,220,'pickup',6),(10,264,430,'pickup',9),(10,267,640,'pickup',10),(10,270,58,'pickup',0),(10,304,518,'prop',14),(10,313,312,'enemy',0),(10,318,575,'enemy',0),(10,320,642,'prop',14),(10,328,56,'pickup',9),(10,332,471,'pickup',6),(10,368,642,'pickup',10),(10,373,426,'pickup',3),(10,381,61,'enemy',0),(10,418,315,'pickup',12),(10,419,443,'enemy',0),(10,425,567,'pickup',6),(10,426,612,'pickup',6),(10,427,592,'pickup',6),(10,427,662,'pickup',7),(10,428,315,'pickup',12),(10,431,274,'pickup',5),(10,433,62,'prop',20),(10,434,414,'prop',9),(10,446,315,'pickup',12),(10,451,156,'prop',14),(10,490,222,'prop',14),(10,492,322,'prop',14),(10,493,659,'pickup',6),(10,496,529,'prop',14),(10,503,95,'prop',9),(10,553,417,'pickup',9),(10,564,82,'pickup',9),(10,570,416,'pickup',9),(10,576,584,'enemy',0),(10,583,487,'enemy',0),(10,603,305,'enemy',0),(10,610,82,'enemy',0),(10,611,126,'prop',20),(10,616,581,'prop',14),(10,619,489,'prop',14),(10,649,187,'prop',14),(10,650,664,'pickup',1),(10,654,418,'pickup',9),(10,655,297,'pickup',9),(10,655,590,'enemy',0),(10,659,488,'enemy',0),(10,672,257,'prop',20),(10,677,419,'pickup',9),(11,69,337,'pickup',0),(11,71,97,'pickup',12),(11,76,436,'enemy',0),(11,81,211,'enemy',0),(11,87,491,'prop',14),(11,90,162,'pickup',3),(11,90,207,'prop',14),(11,92,97,'pickup',12),(11,95,565,'enemy',0),(11,100,97,'pickup',12),(11,142,89,'prop',16),(11,144,151,'prop',9),(11,186,207,'prop',14),(11,193,325,'prop',14),(11,200,487,'prop',14),(11,267,210,'enemy',0),(11,286,406,'prop',24),(11,287,568,'enemy',0),(11,295,481,'prop',14),(11,311,88,'enemy',0),(11,396,55,'prop',16),(11,398,106,'pickup',3),(11,430,153,'pickup',13),(11,432,210,'pickup',11),(11,433,357,'enemy',0),(11,434,172,'pickup',11),(11,434,184,'pickup',11),(11,435,190,'pickup',11),(11,467,67,'enemy',0),(11,491,490,'pickup',3),(11,493,354,'prop',14),(11,493,450,'prop',14),(11,504,192,'prop',14),(11,509,616,'enemy',0),(11,542,327,'prop',16),(11,560,73,'enemy',0),(11,619,536,'enemy',0),(11,622,329,'enemy',0),(11,653,541,'pickup',7),(11,662,328,'enemy',0),(11,674,383,'prop',24),(16,43,494,'prop',14),(16,44,593,'pickup',6),(16,45,647,'prop',14),(16,46,416,'prop',14),(16,49,550,'prop',14),(16,51,346,'pickup',6),(16,53,197,'enemy',0),(16,54,260,'prop',14),(16,81,42,'pickup',4),(16,108,430,'enemy',0),(16,110,644,'enemy',0),(16,114,580,'pickup',6),(16,115,537,'pickup',5),(16,121,504,'pickup',6),(16,131,188,'enemy',0),(16,132,254,'pickup',8),(16,137,131,'pickup',6),(16,148,36,'pickup',4),(16,155,427,'prop',14),(16,165,553,'prop',14),(16,194,129,'pickup',6),(16,204,257,'pickup',6),(16,206,643,'enemy',0),(16,209,502,'prop',1),(16,256,127,'pickup',6),(16,265,527,'enemy',0),(16,272,643,'pickup',13),(16,279,614,'pickup',13),(16,286,667,'pickup',13),(16,297,39,'pickup',7),(16,316,541,'prop',1),(16,318,508,'prop',1),(16,323,124,'pickup',6),(16,355,36,'prop',19),(16,356,189,'enemy',0),(16,393,128,'pickup',14),(16,421,303,'pickup',1),(16,422,381,'prop',18),(16,428,574,'enemy',0),(16,428,666,'prop',1),(16,486,141,'prop',4),(16,489,62,'enemy',0),(16,490,190,'enemy',0),(16,496,276,'enemy',0),(16,499,326,'enemy',0),(16,537,444,'enemy',0),(16,546,385,'pickup',11),(16,550,575,'enemy',0),(16,554,666,'prop',1),(16,572,142,'prop',4),(16,577,383,'pickup',11),(16,579,48,'prop',19),(16,599,283,'prop',16),(16,604,199,'pickup',12),(16,613,384,'pickup',12),(16,661,143,'prop',4),(16,662,68,'enemy',0),(16,672,184,'pickup',5),(16,672,280,'prop',16),(16,684,669,'prop',16);
/*!40000 ALTER TABLE `sprite` ENABLE KEYS */;
UNLOCK TABLES;

--
-- Table structure for table `user`
--

DROP TABLE IF EXISTS `user`;
/*!40101 SET @saved_cs_client     = @@character_set_client */;
/*!40101 SET character_set_client = utf8 */;
CREATE TABLE `user` (
  `userId` int(11) NOT NULL AUTO_INCREMENT,
  `username` varchar(32) NOT NULL,
  `email` varchar(255) NOT NULL,
  `password` varchar(32) NOT NULL,
  PRIMARY KEY (`userId`),
  UNIQUE KEY `username_UNIQUE` (`username`),
  UNIQUE KEY `email_UNIQUE` (`email`)
) ENGINE=InnoDB AUTO_INCREMENT=11 DEFAULT CHARSET=utf8;
/*!40101 SET character_set_client = @saved_cs_client */;

--
-- Dumping data for table `user`
--

LOCK TABLES `user` WRITE;
/*!40000 ALTER TABLE `user` DISABLE KEYS */;
INSERT INTO `user` VALUES (1,'pippo','pippo@gmail.com','pippo'),(2,'pluto','pluto@ymail.com','pluto'),(3,'john92','john92@hotmail.it','john92'),(4,'mark_71','m.mark@gmail.com','mark_71'),(5,'Fefuzz','fefuzz97@gmail.com','Fefuzz'),(6,'paperino','paperino@disney.com','paperino'),(7,'minny_52','minny_52@disney.com','minny_52'),(8,'test','test@test.com','test'),(9,'pweb','pweb@pweb.com','pweb'),(10,'Wolfestein3D','Wolfestein3D@unipi.it','Wolfestein3D');
/*!40000 ALTER TABLE `user` ENABLE KEYS */;
UNLOCK TABLES;

--
-- Table structure for table `user_score`
--

DROP TABLE IF EXISTS `user_score`;
/*!40101 SET @saved_cs_client     = @@character_set_client */;
/*!40101 SET character_set_client = utf8 */;
CREATE TABLE `user_score` (
  `userId` int(11) NOT NULL,
  `mapId` int(11) NOT NULL,
  `score` int(11) NOT NULL,
  PRIMARY KEY (`userId`,`mapId`),
  KEY `fk_user_score_mapId` (`mapId`),
  CONSTRAINT `fk__user_scoreuserId` FOREIGN KEY (`userId`) REFERENCES `user` (`userId`) ON DELETE CASCADE ON UPDATE CASCADE,
  CONSTRAINT `fk_user_score_mapId` FOREIGN KEY (`mapId`) REFERENCES `map` (`mapId`) ON DELETE CASCADE ON UPDATE CASCADE
) ENGINE=InnoDB DEFAULT CHARSET=utf8;
/*!40101 SET character_set_client = @saved_cs_client */;

--
-- Dumping data for table `user_score`
--

LOCK TABLES `user_score` WRITE;
/*!40000 ALTER TABLE `user_score` DISABLE KEYS */;
INSERT INTO `user_score` VALUES (1,1,0),(3,1,1000),(3,2,500),(4,1,1500),(10,2,0),(10,10,18100),(10,16,0);
/*!40000 ALTER TABLE `user_score` ENABLE KEYS */;
UNLOCK TABLES;

--
-- Table structure for table `wall`
--

DROP TABLE IF EXISTS `wall`;
/*!40101 SET @saved_cs_client     = @@character_set_client */;
/*!40101 SET character_set_client = utf8 */;
CREATE TABLE `wall` (
  `mapId` int(11) NOT NULL,
  `x1` int(11) NOT NULL,
  `y1` int(11) NOT NULL,
  `x2` int(11) NOT NULL,
  `y2` int(11) NOT NULL,
  `texture` int(11) NOT NULL,
  `key` int(11) DEFAULT '3',
  `x1_2` int(11) DEFAULT NULL,
  `y1_2` int(11) DEFAULT NULL,
  `x2_2` int(11) DEFAULT NULL,
  `y2_2` int(11) DEFAULT NULL,
  PRIMARY KEY (`mapId`,`x1`,`y1`,`x2`,`y2`),
  CONSTRAINT `fk_wall_mapId` FOREIGN KEY (`mapId`) REFERENCES `map` (`mapId`) ON DELETE CASCADE ON UPDATE CASCADE
) ENGINE=InnoDB DEFAULT CHARSET=utf8;
/*!40101 SET character_set_client = @saved_cs_client */;

--
-- Dumping data for table `wall`
--

LOCK TABLES `wall` WRITE;
/*!40000 ALTER TABLE `wall` DISABLE KEYS */;
INSERT INTO `wall` VALUES (1,0,0,0,350,20,2,0,0,0,100),(1,0,0,350,0,1,3,NULL,NULL,NULL,NULL),(1,350,0,350,350,2,3,NULL,NULL,NULL,NULL),(2,0,0,0,350,11,1,0,0,0,100),(2,0,350,350,350,11,3,NULL,NULL,NULL,NULL),(2,350,0,350,350,11,3,NULL,NULL,NULL,NULL),(10,10,15,14,355,2,3,NULL,NULL,NULL,NULL),(10,12,699,15,611,1,3,NULL,NULL,NULL,NULL),(10,14,355,24,513,2,3,NULL,NULL,NULL,NULL),(10,14,355,71,355,2,3,NULL,NULL,NULL,NULL),(10,15,611,166,607,1,3,NULL,NULL,NULL,NULL),(10,27,574,24,513,13,0,27,574,24,513),(10,27,574,79,577,2,3,NULL,NULL,NULL,NULL),(10,68,473,172,356,2,3,NULL,NULL,NULL,NULL),(10,69,91,165,94,2,3,NULL,NULL,NULL,NULL),(10,69,192,69,91,2,3,NULL,NULL,NULL,NULL),(10,79,577,68,473,2,3,NULL,NULL,NULL,NULL),(10,99,128,167,126,8,3,NULL,NULL,NULL,NULL),(10,99,194,69,192,2,3,NULL,NULL,NULL,NULL),(10,99,194,99,128,8,3,NULL,NULL,NULL,NULL),(10,100,579,105,478,5,3,NULL,NULL,NULL,NULL),(10,105,478,163,485,5,3,NULL,NULL,NULL,NULL),(10,163,485,169,386,5,3,NULL,NULL,NULL,NULL),(10,163,485,291,482,5,3,NULL,NULL,NULL,NULL),(10,165,94,166,14,2,3,NULL,NULL,NULL,NULL),(10,165,194,99,194,8,3,NULL,NULL,NULL,NULL),(10,166,14,10,15,2,3,NULL,NULL,NULL,NULL),(10,166,607,100,579,5,3,NULL,NULL,NULL,NULL),(10,166,607,168,643,1,3,NULL,NULL,NULL,NULL),(10,167,126,165,194,8,2,165,194,103,192),(10,169,386,457,390,5,3,NULL,NULL,NULL,NULL),(10,170,699,12,699,1,3,NULL,NULL,NULL,NULL),(10,170,699,234,701,1,3,NULL,NULL,NULL,NULL),(10,171,254,171,226,2,3,NULL,NULL,NULL,NULL),(10,171,254,174,289,2,3,NULL,NULL,NULL,NULL),(10,172,356,115,356,2,3,NULL,NULL,NULL,NULL),(10,174,289,361,287,2,3,NULL,NULL,NULL,NULL),(10,230,96,220,29,8,3,NULL,NULL,NULL,NULL),(10,230,96,421,97,8,3,NULL,NULL,NULL,NULL),(10,234,701,237,548,1,3,NULL,NULL,NULL,NULL),(10,237,548,167,546,5,3,NULL,NULL,NULL,NULL),(10,237,548,288,548,0,3,NULL,NULL,NULL,NULL),(10,240,668,289,668,1,3,NULL,NULL,NULL,NULL),(10,242,612,293,612,0,3,NULL,NULL,NULL,NULL),(10,291,482,293,446,5,3,NULL,NULL,NULL,NULL),(10,360,354,172,356,2,3,NULL,NULL,NULL,NULL),(10,361,287,360,354,2,3,NULL,NULL,NULL,NULL),(10,363,481,356,449,5,3,NULL,NULL,NULL,NULL),(10,363,481,454,490,5,3,NULL,NULL,NULL,NULL),(10,381,615,341,617,1,3,NULL,NULL,NULL,NULL),(10,390,547,331,544,1,3,NULL,NULL,NULL,NULL),(10,390,547,458,554,5,3,NULL,NULL,NULL,NULL),(10,390,701,234,701,1,3,NULL,NULL,NULL,NULL),(10,390,701,390,547,1,3,NULL,NULL,NULL,NULL),(10,390,701,461,693,5,3,NULL,NULL,NULL,NULL),(10,391,254,171,254,8,3,NULL,NULL,NULL,NULL),(10,391,323,391,254,18,3,NULL,NULL,NULL,NULL),(10,421,97,422,131,8,3,NULL,NULL,NULL,NULL),(10,422,131,167,126,8,3,NULL,NULL,NULL,NULL),(10,457,254,391,254,8,3,NULL,NULL,NULL,NULL),(10,457,390,391,323,18,3,NULL,NULL,NULL,NULL),(10,457,390,454,490,5,3,NULL,NULL,NULL,NULL),(10,457,390,457,254,18,1,457,390,464,326),(10,461,693,458,554,5,2,461,693,466,644),(10,461,693,584,693,4,3,NULL,NULL,NULL,NULL),(10,516,637,518,383,4,3,NULL,NULL,NULL,NULL),(10,518,383,520,257,18,3,NULL,NULL,NULL,NULL),(10,518,383,704,387,4,3,NULL,NULL,NULL,NULL),(10,519,31,220,29,8,3,NULL,NULL,NULL,NULL),(10,519,31,532,129,8,3,NULL,NULL,NULL,NULL),(10,520,257,556,255,8,3,NULL,NULL,NULL,NULL),(10,521,449,581,451,5,3,NULL,NULL,NULL,NULL),(10,521,542,581,542,5,3,NULL,NULL,NULL,NULL),(10,532,129,478,130,8,3,NULL,NULL,NULL,NULL),(10,532,129,594,126,8,3,NULL,NULL,NULL,NULL),(10,553,366,692,355,8,3,NULL,NULL,NULL,NULL),(10,556,255,553,366,8,3,NULL,NULL,NULL,NULL),(10,580,640,632,642,4,3,NULL,NULL,NULL,NULL),(10,584,693,580,640,4,3,NULL,NULL,NULL,NULL),(10,584,693,700,691,4,3,NULL,NULL,NULL,NULL),(10,590,259,651,259,8,3,NULL,NULL,NULL,NULL),(10,613,544,704,543,4,3,NULL,NULL,NULL,NULL),(10,614,193,165,194,8,3,NULL,NULL,NULL,NULL),(10,673,29,519,31,8,3,NULL,NULL,NULL,NULL),(10,687,254,693,132,8,3,NULL,NULL,NULL,NULL),(10,692,355,687,254,8,3,NULL,NULL,NULL,NULL),(10,693,132,631,129,8,3,NULL,NULL,NULL,NULL),(10,693,132,673,29,8,3,NULL,NULL,NULL,NULL),(10,699,636,659,641,4,3,NULL,NULL,NULL,NULL),(10,700,691,699,636,4,3,NULL,NULL,NULL,NULL),(10,704,387,704,447,4,3,NULL,NULL,NULL,NULL),(10,704,447,614,450,4,3,NULL,NULL,NULL,NULL),(10,704,543,699,636,4,3,NULL,NULL,NULL,NULL),(10,704,543,704,447,4,3,NULL,NULL,NULL,NULL),(11,36,291,38,609,11,3,NULL,NULL,NULL,NULL),(11,38,68,38,260,5,3,NULL,NULL,NULL,NULL),(11,38,260,147,260,5,3,NULL,NULL,NULL,NULL),(11,38,609,167,611,11,3,NULL,NULL,NULL,NULL),(11,96,389,102,288,11,3,NULL,NULL,NULL,NULL),(11,102,288,36,291,11,3,NULL,NULL,NULL,NULL),(11,147,260,154,393,5,3,NULL,NULL,NULL,NULL),(11,154,393,96,389,11,3,NULL,NULL,NULL,NULL),(11,166,64,38,68,5,3,NULL,NULL,NULL,NULL),(11,167,611,168,676,11,3,NULL,NULL,NULL,NULL),(11,167,611,232,612,10,2,167,611,164,543),(11,168,676,238,680,13,0,168,676,238,680),(11,171,134,46,135,4,2,171,134,122,139),(11,171,134,166,64,5,3,NULL,NULL,NULL,NULL),(11,221,265,231,384,5,3,NULL,NULL,NULL,NULL),(11,225,98,232,133,5,3,NULL,NULL,NULL,NULL),(11,232,133,171,134,5,3,NULL,NULL,NULL,NULL),(11,232,612,330,612,11,3,NULL,NULL,NULL,NULL),(11,238,680,232,612,11,3,NULL,NULL,NULL,NULL),(11,295,34,225,98,5,3,NULL,NULL,NULL,NULL),(11,295,34,583,35,8,3,NULL,NULL,NULL,NULL),(11,296,132,300,264,5,3,NULL,NULL,NULL,NULL),(11,300,264,221,265,5,3,NULL,NULL,NULL,NULL),(11,321,390,231,384,11,3,NULL,NULL,NULL,NULL),(11,330,612,321,390,11,3,NULL,NULL,NULL,NULL),(11,396,387,399,339,5,3,NULL,NULL,NULL,NULL),(11,399,131,296,132,8,3,NULL,NULL,NULL,NULL),(11,399,131,456,131,8,3,NULL,NULL,NULL,NULL),(11,399,243,399,131,8,3,NULL,NULL,NULL,NULL),(11,399,339,456,289,5,3,NULL,NULL,NULL,NULL),(11,408,677,419,542,1,3,NULL,NULL,NULL,NULL),(11,408,677,555,679,1,3,NULL,NULL,NULL,NULL),(11,419,542,475,546,1,3,NULL,NULL,NULL,NULL),(11,456,243,399,243,8,3,NULL,NULL,NULL,NULL),(11,456,243,456,131,8,2,456,243,462,203),(11,456,289,456,243,8,3,NULL,NULL,NULL,NULL),(11,456,421,396,387,5,3,NULL,NULL,NULL,NULL),(11,475,546,456,421,1,3,NULL,NULL,NULL,NULL),(11,506,543,522,429,1,3,NULL,NULL,NULL,NULL),(11,522,429,581,404,5,3,NULL,NULL,NULL,NULL),(11,545,287,549,134,8,3,NULL,NULL,NULL,NULL),(11,548,540,506,543,1,3,NULL,NULL,NULL,NULL),(11,549,134,611,133,8,3,NULL,NULL,NULL,NULL),(11,555,679,548,540,1,3,NULL,NULL,NULL,NULL),(11,581,350,545,287,5,3,NULL,NULL,NULL,NULL),(11,581,404,586,576,1,3,NULL,NULL,NULL,NULL),(11,585,292,581,350,1,3,NULL,NULL,NULL,NULL),(11,586,576,681,580,1,3,NULL,NULL,NULL,NULL),(11,611,133,583,35,8,3,NULL,NULL,NULL,NULL),(11,629,408,702,419,1,3,NULL,NULL,NULL,NULL),(11,635,517,629,408,1,3,NULL,NULL,NULL,NULL),(11,678,518,635,517,1,3,NULL,NULL,NULL,NULL),(11,681,580,678,518,1,3,NULL,NULL,NULL,NULL),(11,699,295,585,292,1,3,NULL,NULL,NULL,NULL),(11,702,419,699,295,1,3,NULL,NULL,NULL,NULL),(16,9,692,24,228,11,3,NULL,NULL,NULL,NULL),(16,17,11,24,228,23,3,NULL,NULL,NULL,NULL),(16,17,11,422,16,23,3,NULL,NULL,NULL,NULL),(16,24,228,236,226,23,3,NULL,NULL,NULL,NULL),(16,67,288,72,609,5,3,NULL,NULL,NULL,NULL),(16,70,687,9,692,11,3,NULL,NULL,NULL,NULL),(16,70,687,72,609,11,2,70,687,36,695),(16,72,609,133,609,5,3,NULL,NULL,NULL,NULL),(16,73,384,132,387,5,3,NULL,NULL,NULL,NULL),(16,74,480,138,477,5,3,NULL,NULL,NULL,NULL),(16,95,66,23,66,5,2,23,66,25,35),(16,103,108,359,104,23,3,NULL,NULL,NULL,NULL),(16,115,153,103,108,5,3,NULL,NULL,NULL,NULL),(16,115,153,362,144,23,3,NULL,NULL,NULL,NULL),(16,167,289,67,288,5,3,NULL,NULL,NULL,NULL),(16,167,289,167,224,5,3,NULL,NULL,NULL,NULL),(16,167,289,323,287,5,3,NULL,NULL,NULL,NULL),(16,180,483,232,477,5,3,NULL,NULL,NULL,NULL),(16,184,387,231,386,5,3,NULL,NULL,NULL,NULL),(16,189,70,95,66,23,3,NULL,NULL,NULL,NULL),(16,189,70,188,4,23,3,NULL,NULL,NULL,NULL),(16,197,610,234,609,5,3,NULL,NULL,NULL,NULL),(16,227,688,70,687,5,3,NULL,NULL,NULL,NULL),(16,227,688,229,575,5,3,NULL,NULL,NULL,NULL),(16,229,575,232,477,5,3,NULL,NULL,NULL,NULL),(16,229,575,332,577,5,3,NULL,NULL,NULL,NULL),(16,232,477,231,386,5,3,NULL,NULL,NULL,NULL),(16,232,477,327,483,5,3,NULL,NULL,NULL,NULL),(16,262,65,268,8,23,3,NULL,NULL,NULL,NULL),(16,262,65,424,64,23,3,NULL,NULL,NULL,NULL),(16,293,230,380,225,23,3,NULL,NULL,NULL,NULL),(16,327,483,327,444,5,3,NULL,NULL,NULL,NULL),(16,327,645,332,577,4,2,327,645,298,643),(16,327,695,227,688,5,3,NULL,NULL,NULL,NULL),(16,327,695,327,645,5,3,NULL,NULL,NULL,NULL),(16,327,695,392,695,4,3,NULL,NULL,NULL,NULL),(16,328,415,323,287,5,3,NULL,NULL,NULL,NULL),(16,362,144,359,104,5,2,362,144,332,168),(16,380,225,392,608,5,3,NULL,NULL,NULL,NULL),(16,380,225,430,162,23,3,NULL,NULL,NULL,NULL),(16,386,257,705,257,5,3,NULL,NULL,NULL,NULL),(16,392,695,395,650,5,3,NULL,NULL,NULL,NULL),(16,392,695,582,697,5,3,NULL,NULL,NULL,NULL),(16,424,64,422,16,1,2,424,64,461,69),(16,424,64,424,127,23,3,NULL,NULL,NULL,NULL),(16,424,127,466,126,0,3,NULL,NULL,NULL,NULL),(16,430,162,447,226,0,3,NULL,NULL,NULL,NULL),(16,430,162,469,163,0,3,NULL,NULL,NULL,NULL),(16,447,226,697,226,0,3,NULL,NULL,NULL,NULL),(16,456,417,462,356,4,2,456,417,505,406),(16,456,417,650,412,5,3,NULL,NULL,NULL,NULL),(16,485,545,395,546,5,3,NULL,NULL,NULL,NULL),(16,502,129,548,129,0,3,NULL,NULL,NULL,NULL),(16,508,162,554,163,0,3,NULL,NULL,NULL,NULL),(16,548,129,533,22,0,3,NULL,NULL,NULL,NULL),(16,554,163,579,224,0,3,NULL,NULL,NULL,NULL),(16,580,604,583,545,5,3,NULL,NULL,NULL,NULL),(16,582,697,580,641,5,3,NULL,NULL,NULL,NULL),(16,582,697,703,693,5,3,NULL,NULL,NULL,NULL),(16,583,545,519,544,5,3,NULL,NULL,NULL,NULL),(16,586,131,617,131,0,3,NULL,NULL,NULL,NULL),(16,600,163,622,164,0,3,NULL,NULL,NULL,NULL),(16,615,481,612,415,12,1,615,481,612,415),(16,617,131,609,20,0,3,NULL,NULL,NULL,NULL),(16,622,164,642,226,0,3,NULL,NULL,NULL,NULL),(16,644,480,457,479,5,3,NULL,NULL,NULL,NULL),(16,644,480,645,353,5,3,NULL,NULL,NULL,NULL),(16,645,353,391,355,5,3,NULL,NULL,NULL,NULL),(16,648,637,644,480,5,3,NULL,NULL,NULL,NULL),(16,697,226,702,12,0,3,NULL,NULL,NULL,NULL),(16,702,12,422,16,0,3,NULL,NULL,NULL,NULL),(16,702,354,697,226,5,3,NULL,NULL,NULL,NULL),(16,703,693,702,354,5,3,NULL,NULL,NULL,NULL);
/*!40000 ALTER TABLE `wall` ENABLE KEYS */;
UNLOCK TABLES;
/*!40103 SET TIME_ZONE=@OLD_TIME_ZONE */;

/*!40101 SET SQL_MODE=@OLD_SQL_MODE */;
/*!40014 SET FOREIGN_KEY_CHECKS=@OLD_FOREIGN_KEY_CHECKS */;
/*!40014 SET UNIQUE_CHECKS=@OLD_UNIQUE_CHECKS */;
/*!40101 SET CHARACTER_SET_CLIENT=@OLD_CHARACTER_SET_CLIENT */;
/*!40101 SET CHARACTER_SET_RESULTS=@OLD_CHARACTER_SET_RESULTS */;
/*!40101 SET COLLATION_CONNECTION=@OLD_COLLATION_CONNECTION */;
/*!40111 SET SQL_NOTES=@OLD_SQL_NOTES */;

-- Dump completed on 2020-01-14 15:14:12
